INSERT INTO DEPT(DEPTNO,DNAME,HEAD)
VALUES(23,'EE','1010010569');
INSERT INTO DEPT(DEPTNO,DNAME,HEAD)
VALUES(20,'CS','1020020633');
INSERT INTO DEPT(DEPTNO,DNAME,HEAD)
VALUES(21,'SOFTWARE','1030030841');

INSERT INTO STU(STNO,NAME,AGE,MONIT,MACR,MICR,EDATE,DEPTNO)
VALUES('2014011050','LUO ZHIXIANG',20,'2014011043',170,NULL,'20130101',23);
INSERT INTO STU(STNO,NAME,AGE,MONIT,MACR,MICR,EDATE,DEPTNO)
VALUES('2014011052','GE TIANHAO',18,'2014011043',160,NULL,'20130901',23);
INSERT INTO STU(STNO,NAME,AGE,MONIT,MACR,MICR,EDATE,DEPTNO)
VALUES('2014011045','ZHANG ERZA',19,'2014011043',166,30,'20130801',23);
INSERT INTO STU(STNO,NAME,AGE,MONIT,MACR,MICR,EDATE,DEPTNO)
VALUES('2014011043','LIU YONGGANG',21,'2014011043',155,NULL,'20130201',23);
INSERT INTO STU(STNO,NAME,AGE,MONIT,MACR,MICR,EDATE,DEPTNO)
VALUES('2013011010','SONG XIAOBAO',22,'2013011033',177,40,'20120101',23);
INSERT INTO STU(STNO,NAME,AGE,MONIT,MACR,MICR,EDATE,DEPTNO)
VALUES('2013011035','LIU WUWANG',22,'2013011033',168,25,'20120801',23);
INSERT INTO STU(STNO,NAME,AGE,MONIT,MACR,MICR,EDATE,DEPTNO)
VALUES('2013011033','ZHANG YIXING',23,'2013011033',180,NULL,'20120701',23);

INSERT INTO STU(STNO,NAME,AGE,MONIT,MACR,MICR,EDATE,DEPTNO)
VALUES('2014021050','SUN HONGLEI',20,'2014021043',160,NULL,'20140101',20);
INSERT INTO STU(STNO,NAME,AGE,MONIT,MACR,MICR,EDATE,DEPTNO)
VALUES('2014021055','WANG DONG',21,'2014021043',166,50,'20140801',20);
INSERT INTO STU(STNO,NAME,AGE,MONIT,MACR,MICR,EDATE,DEPTNO)
VALUES('2014021043','HUANG BOGE',22,'2014021043',162,45,'20140101',20);
INSERT INTO STU(STNO,NAME,AGE,MONIT,MACR,MICR,EDATE,DEPTNO)
VALUES('2014021066','GE YOU',21,'2014021043',177,30,'20140101',20);
INSERT INTO STU(STNO,NAME,AGE,MONIT,MACR,MICR,EDATE,DEPTNO)
VALUES('2014021150','LIU CHANGLU',19,'2014021143',168,NULL,'20130901',20);
INSERT INTO STU(STNO,NAME,AGE,MONIT,MACR,MICR,EDATE,DEPTNO)
VALUES('2014021157','WANG XUN',22,'2014021143',180,46,'20131001',20);
INSERT INTO STU(STNO,NAME,AGE,MONIT,MACR,MICR,EDATE,DEPTNO)
VALUES('2014021188','HUANG ZHIHUI',21,'2014021143',175,70,'20140101',20);
INSERT INTO STU(STNO,NAME,AGE,MONIT,MACR,MICR,EDATE,DEPTNO)
VALUES('2014021143','ZUO TIANYOU',21,'2014021143',170,NULL,'20140101',20);

INSERT INTO STU(STNO,NAME,AGE,MONIT,MACR,MICR,EDATE,DEPTNO)
VALUES('2014031050','LI YIYI',18,'2014031043',164,30,'20130901',21);
INSERT INTO STU(STNO,NAME,AGE,MONIT,MACR,MICR,EDATE,DEPTNO)
VALUES('2014031076','ZHANG YURONG',19,'2014031043',166,50,'20130801',21);
INSERT INTO STU(STNO,NAME,AGE,MONIT,MACR,MICR,EDATE,DEPTNO)
VALUES('2014031042','HAUNG CHUN',20,'2014031043',168,40,'20140201',21);
INSERT INTO STU(STNO,NAME,AGE,MONIT,MACR,MICR,EDATE,DEPTNO)
VALUES('2014031043','XIE LINGWEN',20,'2014031043',164,30,'20130701',21);
INSERT INTO STU(STNO,NAME,AGE,MONIT,MACR,MICR,EDATE,DEPTNO)
VALUES('2015011050','HUANG TING',18,'2015011043',180,NULL,'20150901',21);
INSERT INTO STU(STNO,NAME,AGE,MONIT,MACR,MICR,EDATE,DEPTNO)
VALUES('2015011033','CHEN XIAOPAO',19,'2015011043',165,NULL,'20150901',21);
INSERT INTO STU(STNO,NAME,AGE,MONIT,MACR,MICR,EDATE,DEPTNO)
VALUES('2015011069','LI QIER',18,'2015011043',170,42,'20150801',21);
INSERT INTO STU(STNO,NAME,AGE,MONIT,MACR,MICR,EDATE,DEPTNO)
VALUES('2015011043','CHEN XIAOZHU',19,'2015011043',170,33,'20150808',21);
INSERT INTO STU(STNO,NAME,AGE,MONIT,MACR,MICR,EDATE,DEPTNO)
VALUES('2015011099','ZHAO SI',20,'2015011043',150,50,'20150901',21);

INSERT INTO TEACHER(TNO,NAME,AGE,WDATE,DEPTNO)
VALUES('1010010556','ZHANG SAN',40,'20000101',23);
INSERT INTO TEACHER(TNO,NAME,AGE,WDATE,DEPTNO)
VALUES('1010010588','HAUNG FENG',45,'19950101',23);
INSERT INTO TEACHER(TNO,NAME,AGE,WDATE,DEPTNO)
VALUES('1010010569','HUANG DONG',42,'20020101',23);
INSERT INTO TEACHER(TNO,NAME,AGE,WDATE,DEPTNO)
VALUES('1010010645','GU YUANGE',36,'20080101',23);

INSERT INTO TEACHER(TNO,NAME,AGE,WDATE,DEPTNO)
VALUES('1020010685','YAO QIZHI',56,'20080101',20);
INSERT INTO TEACHER(TNO,NAME,AGE,WDATE,DEPTNO)
VALUES('1020010788','LI SONGXIA',48,'20030101',20);
INSERT INTO TEACHER(TNO,NAME,AGE,WDATE,DEPTNO)
VALUES('1020010662','LI KEQUN',41,'20100901',20);
INSERT INTO TEACHER(TNO,NAME,AGE,WDATE,DEPTNO)
VALUES('1020020633','LIU ZHIYU',56,'20070901',20);

INSERT INTO TEACHER(TNO,NAME,AGE,WDATE,DEPTNO)
VALUES('1030030753','WANG FUQUN',39,'20120901',21);
INSERT INTO TEACHER(TNO,NAME,AGE,WDATE,DEPTNO)
VALUES('1030030875','WU HAO',53,'20050901',21);
INSERT INTO TEACHER(TNO,NAME,AGE,WDATE,DEPTNO)
VALUES('1030030465','CHEN HAO',37,'20140901',21);
INSERT INTO TEACHER(TNO,NAME,AGE,WDATE,DEPTNO)
VALUES('1030030841','LIU ZHEN',47,'20080901',21);
